title,url,thumbnail_url,channel,description
Zapuk Zupuk | Official Trailer | Suraj Chavan | JioStudiosMarathi | KedaarShindeProductions | 25 Apr,https://www.youtube.com/watch?v=uuuQmOFanQA,https://i.ytimg.com/vi/uuuQmOFanQA/hqdefault.jpg?sqp=-oaymwEnCPYBEIoBSFryq4qpAxkIARUAAIhCGAHYAQHiAQoIGBACGAY4AUAB&rs=AOn4CLDN_xiE15LXC_zg2g6KePvBl6K5gg,JioStudios,‡§Ö‡§ñ‡•ç‡§ñ‡•ç‡§Ø‡§æ ‡§Æ‡§π‡§æ‡§∞‡§æ‡§∑‡•ç‡§ü‡•ç‡§∞‡§æ‡§§ ‡§ù‡§æ‡§™‡•Å‡§ï ‡§ù‡•Å‡§™‡•Ç‡§ï‡§ö‡§Ç ‡§µ‡•á‡§° ‡§™‡§∏‡§∞‡§≤‡§Ø ‡§Ü‡§§‡§æ ‡§ó‡•ã‡§≤‡•Ä‡§ó‡§§ ‡§∏‡•Ç‡§∞‡§ú ‡§ö‡§µ‡•ç‡§π‡§æ‡§£ ‡§ò‡•á‡§ä‡§®...
"RAID 2: NASHA (Song) | Tamannaah B, Ajay Devgn, Riteish D | Jasmine S, Sachet T, Jaani | Bhushan K",https://www.youtube.com/watch?v=QPSAjqjylTc,https://i.ytimg.com/vi/QPSAjqjylTc/hqdefault.jpg?sqp=-oaymwEnCPYBEIoBSFryq4qpAxkIARUAAIhCGAHYAQHiAQoIGBACGAY4AUAB&rs=AOn4CLAxb-AkFON7qHkLJfMZg4CI6Gyx8A,T-Series,"It's time to groove onto the Dance Floor. Presenting ""Nasha (Song)"" from the Highly Awaited Film #RAID2, Feat. the enchanting #TamannaahBhatia with #RiteishDeshmukh. Gulshan Kumar & T-Series..."
Adventure | Stand-up Comedy by Ravi Gupta,https://www.youtube.com/watch?v=GqqwbcgOHek,,Ravi Gupta,"When life gives you lemons, sell them and go to the mountains. You‚Äôll come back with beautiful memories and a sore body. This is a story about a trek I did with my friend. I spend a lot..."
Try Not to Laugh Challenge vs Ruchika ft. Purav Jha (College Memes Edition),https://www.youtube.com/watch?v=OKTsWKnT43Y,,Triggered Insaan,"From the ""Teacher's Pet"" Front Benchers to the ""Legendary"" Back Bencher - Watch our video as we react to hilarious college memes that will take you right back to your campus days! Proxy lagai..."
Bhool Chuk Maaf | Official Trailer | Rajkummar R | Wamiqa G | Dinesh V | Karan S | 9th May 2025,https://www.youtube.com/watch?v=nZEXRZMEd5Y,,Maddock Films,"Titli hai Ranjan ka pyaar; par haldi par atka hai uska sansaar, Toh dekhne zaroor aaiyega inki kahaani with parivaar. ‚ò∫Ô∏è Get ready for a bhasad wali shaadi where everything goes wrong‚Ä¶..."
Gaurav Khanna ‡§¨‡§®‡•á India ‡§ï‡•á ‡§™‡§π‡§≤‡•á Celebrity Masterchef | Celebrity Masterchef | Winner Special,https://www.youtube.com/watch?v=qSYejry0HSg,,SET India,https://www.sonyliv.com/shows/celebrity-masterchef-1790006208?utm_source=youtube&utm_medium=organic&utm_campaign=masterchef&utm_content=qSYejry0HSg Click here to Subscribe to SET India: https://ww...
S8UL‚Äôs REACTION ON MY NEW LOOK üòÇü§£,https://www.youtube.com/watch?v=LDXGviv0MXI,,8bit_rebel,In this vlog I tired something really crazy on my hair . Then S8ul creator reacted on it .Dont miss the end . THANKS FOR WATCHING THE VIDEO. DO MAKE SURE TO LIKE SHARE AND SUBSCRIBE IF YOU...
‡§π‡§®‡•Å‡§Æ‡§æ‡§® ‡§ú‡§Ø‡§Ç‡§§‡•Ä ‡§µ‡§ø‡§∂‡•á‡§∑ | Anjanichya Soota | Manojavam | Hanuman Jayanti 2025 | Hanuman Songs |BhaktiGeet,https://www.youtube.com/watch?v=iTWbvGc4qjk&pp=0gcJCX4JAYcqIYzv,,Saregama Marathi,‡§Ø‡§æ ‡§π‡§®‡•Å‡§Æ‡§æ‡§® ‡§ú‡§Ø‡§Ç‡§§‡•Ä‡§≤‡§æ ‡§Ö‡§Ç‡§ú‡§®‡•Ä ‡§™‡•Å‡§§‡•ç‡§∞ ‡§∂‡•ç‡§∞‡•Ä ‡§π‡§®‡•Å‡§Æ‡§æ‡§®‡§æ‡§ö‡•ç‡§Ø‡§æ ‡§ó‡§æ‡§£‡•ç‡§Ø‡§æ‡§ö‡§æ ‡§Ü‡§®‡§Ç‡§¶ ‡§ò‡•ç‡§Ø‡§æ ‡§´‡§ï‡•ç‡§§...
‡§∂‡•ç‡§∞‡•Ä ‡§π‡§®‡•Å‡§Æ‡§æ‡§® ‡§ú‡§®‡•ç‡§Æ‡•ã‡§§‡•ç‡§∏‡§µ | Shree Hanuman Janmotsav | Dr Kumar Vishwas,https://www.youtube.com/watch?v=dXUFR8uRHLs,,Kumar Vishwas,"‡§Æ‡§®‡•ã‡§ú‡§µ‡§Ç ‡§Æ‡§æ‡§∞‡•Å‡§§‡§§‡•Å‡§≤‡•ç‡§Ø‡§µ‡•á‡§ó‡§Ç, ‡§ú‡§ø‡§§‡•á‡§®‡•ç‡§¶‡•ç‡§∞‡§ø‡§Ø‡§Ç ‡§¨‡•Å‡§¶‡•ç‡§ß‡§ø‡§Æ‡§§‡§æ‡§Ç ‡§µ‡§∞‡§ø‡§∑‡•ç‡§†‡§Æ‡•ç‡•§ ‡§µ‡§æ‡§§‡§æ‡§§‡•ç‡§Æ‡§ú‡§Ç ‡§µ‡§æ‡§®..."
Reacting to Funniest memes ( Battleground Fight üò±),https://www.youtube.com/watch?v=ZErCwff5gik,,FUKRA INSAAN LIVE,Follow me on Instagram for updates ‚ûû https://instagram.com/fukra_insaan?igshid=jytojomgh8j4 Join my discord server ‚ûûhttps://discord.gg/Es7PVh4BAK My twitter ‚ûû https://twitter.com/AbhishekM...
